<?xml version="1.0" encoding="UTF-8" standalone="yes"?>
<addon id="plugin.video.kodipopcorntime.repository" name="Ubercracker8977 Repository" version="1.1.0" provider-name="Ubercracker8977">
	<extension point="xbmc.addon.repository" name="Ubercracker8977 Repository">
		<info compressed="false">https://raw.githubusercontent.com/ubercracker8977/Markop159-repository/master/addons.xml</info>
		<checksum>https://raw.githubusercontent.com/ubercracker8977/Markop159-repository/master/addons.xml.md5</checksum>
		<datadir zip="true">https://raw.githubusercontent.com/markop159/Markop159-repository/master/Releases</datadir>
	</extension>
	<requires>
		<import version="2.14.0" addon="xbmc.python"/>
	</requires>
	<extension point="xbmc.addon.metadata">
		<website><![CDATA[https://markop159.github.io/]]></website>
		<source><![CDATA[https://github.com/ubercracker8977/Markop159-repository]]></source>
		<language>English</language>
		<licence><![CDATA[GNU GENERAL PUBLIC LOCENCE. Version 3, 29 June 2007]]></licence>
		<summary>Ubercracker repository</summary>
		<description>Download, update and install Ubercracker Repository.</description>
		<disclaimer>
			The Software is provided "as is" without warranty of any kind, either express or implied, including without limitation any implied warranties of condition, uninterrupted use, merchantability, fitness for a particular purpose, or non-infringement.
			Ubercracker and anyone associated with these addons will not be held responsible for the use or misuse of this software if considered illegal in your country.  Use of this software is at your own risk.
		</disclaimer>
		<platform>all</platform>
	</extension>
</addon>
